STATE,ST_CASE,VE_TOTAL,VE_FORMS,PVH_INVL,PEDS,PERNOTMVIT,PERMVIT,PERSONS,COUNTY,CITY,DAY,MONTH,YEAR,DAY_WEEK,HOUR,MINUTE,NHS,RUR_URB,FUNC_SYS,RD_OWNER,ROUTE,TWAY_ID,TWAY_ID2,MILEPT,LATITUDE,LONGITUD,SP_JUR,HARM_EV,MAN_COLL,RELJCT1,RELJCT2,TYP_INT,WRK_ZONE,REL_ROAD,LGT_COND,WEATHER1,WEATHER2,WEATHER,SCH_BUS,RAIL,NOT_HOUR,NOT_MIN,ARR_HOUR,ARR_MIN,HOSP_HR,HOSP_MN,CF1,CF2,CF3,FATALS,DRUNK_DR
39,390884,2,2,0,0,0,2,2,67,0,1,11,2016,3,6,55,1,1,3,1,2,US-22,CR-13,205,40.31163889,-80.955980560000,0,12,7,0,2,2,0,1,2,1,0,1,0,0000000,6,53,7,5,88,88,0,0,0,1,0
39,390885,1,1,0,0,0,2,2,21,8300,8,11,2016,3,0,45,1,1,3,1,2,US-68,,30,40.05978889,-83.777733330000,0,34,0,0,1,1,0,4,2,1,0,1,0,0000000,0,57,1,11,1,43,0,0,0,2,0
39,390886,1,1,0,1,1,1,1,55,1490,18,9,2016,1,15,39,0,2,5,2,4,CR-600 PARK AVE,,0,41.57773611,-81.205991670000,0,8,0,0,1,1,0,1,1,1,0,1,0,0000000,15,39,15,41,16,0,0,0,0,1,0
39,390887,1,1,0,0,0,1,1,35,6360,18,9,2016,1,14,46,0,2,4,1,3,SR-94 STATE RD,CR-65 RIDGEWOOD RD,78,41.38722500,-81.710644440000,0,33,0,0,3,3,0,4,1,1,0,1,0,0000000,14,54,14,57,15,24,0,0,0,1,1
39,390888,3,3,0,0,0,5,5,165,0,25,9,2016,1,16,57,0,1,4,1,3,SR-48,,0,39.30314722,-84.212586110000,0,12,6,0,1,1,0,1,1,1,0,1,0,0000000,17,0,17,8,17,52,0,0,0,1,0
39,390889,1,1,0,0,0,4,4,61,4720,26,9,2016,2,4,12,0,2,4,1,2,US-50 WOOSTER PIKE,INDIAN VIEW AVE,310,39.14484167,-84.370536110000,0,30,0,0,3,2,0,4,2,1,0,1,0,0000000,4,17,4,35,5,3,0,0,0,1,1
39,390890,4,4,0,0,0,12,12,153,5960,24,9,2016,7,12,50,1,2,1,1,1,I-271,,115,41.28615556,-81.513180560000,0,12,1,1,20,1,0,1,1,1,0,1,0,0000000,12,56,13,20,13,59,0,0,0,1,0
39,390891,2,2,0,0,0,8,8,61,5260,5,10,2016,4,21,45,1,2,1,1,1,I-275,,310,39.26935278,-84.348411110000,0,12,1,0,1,1,0,1,3,10,0,10,0,0000000,21,45,21,53,88,88,0,0,0,1,1
39,390892,1,1,0,0,0,1,1,31,0,15,10,2016,7,15,41,0,1,7,2,4,CR-103,,0,40.32330000,-81.627700000000,0,35,0,0,1,1,0,4,1,1,0,1,0,0000000,15,45,15,58,88,88,0,0,0,1,1
39,390894,1,1,0,0,0,1,1,95,8120,2,11,2016,4,6,29,0,2,4,1,6,E ALEXIS RD,,0,41.72290000,-83.514011110000,0,30,0,0,1,1,0,4,3,98,0,98,0,0000000,6,37,6,40,88,88,0,0,0,1,0
39,390895,2,2,0,0,0,5,5,109,0,2,11,2016,4,18,3,0,1,5,2,4,CR-179 ROSS RD,,0,39.91418611,-84.140022220000,0,1,0,0,1,1,0,1,1,1,0,1,0,0000000,18,4,18,11,88,88,0,0,0,1,1
39,390896,2,1,1,0,0,1,1,165,2710,4,11,2016,6,9,27,0,2,5,1,3,SR-123,,259,39.52721111,-84.275044440000,0,34,0,0,1,1,0,4,1,10,0,10,0,0000000,9,27,9,33,9,57,0,0,0,1,0
39,390897,3,3,0,0,0,7,7,141,0,5,11,2016,7,16,23,0,2,5,1,3,SR-207,CR-10,4,39.41527778,-82.978888890000,0,12,6,0,2,2,0,1,1,1,0,1,0,0000000,16,20,16,32,16,54,0,0,0,1,0
39,390898,2,2,0,0,0,5,5,99,0,29,10,2016,7,13,8,0,1,4,1,2,US-62,,47,40.98653611,-80.805541670000,0,12,6,0,8,1,0,1,1,10,0,10,0,0000000,12,57,13,3,13,36,0,0,0,1,0
39,390899,3,3,0,0,0,4,4,49,1800,11,11,2016,6,21,24,0,2,5,4,6,OBETZ RD,SOUTHPOINT BLVD,0,39.88206944,-82.998283330000,0,12,1,0,2,3,0,1,3,1,0,1,0,0000000,21,24,21,28,22,4,0,0,0,1,1
39,390900,1,1,0,0,0,2,2,143,0,4,11,2016,6,16,41,0,1,7,3,5,TR-278 MUGG RD,,0,41.33046111,-82.916627780000,0,30,0,0,1,1,0,4,1,1,0,1,0,0000000,17,1,17,12,17,47,0,0,0,1,0
39,390901,2,2,0,1,1,2,2,49,0,4,11,2016,6,14,20,1,2,1,1,1,I-670 AIRPORT RD,,0,40.00237500,-82.921819440000,0,8,0,0,1,1,0,4,1,1,0,1,0,0000000,14,20,14,28,88,88,23,0,0,1,0
39,390902,1,1,0,0,0,2,2,151,4820,5,11,2016,7,1,13,0,2,7,4,6,NORTH AVE,1ST ST,0,40.79772500,-81.525108330000,0,58,0,0,3,2,0,1,3,10,0,10,0,0000000,1,13,1,18,1,31,0,0,0,1,1
39,390903,1,1,0,0,0,1,1,31,0,5,11,2016,7,15,6,0,1,7,2,4,CR-186,,0,40.35270000,-81.835600000000,0,24,0,0,1,1,0,4,1,1,0,1,0,0000000,15,8,15,19,16,38,0,0,0,1,1
39,390904,1,1,0,1,1,1,1,35,2340,10,8,2016,4,19,30,9,6,96,96,9,ROXBURY RD,,0,41.51793333,-81.591294440000,0,8,0,0,1,1,0,1,1,2,0,2,0,0000000,19,28,19,29,19,38,0,0,0,1,0
39,390905,2,2,0,0,0,2,2,35,1680,3,10,2016,2,13,40,0,2,4,2,4,CR-189 PURITAS AVE,,0,41.43360556,-81.798336110000,0,12,7,0,8,1,0,1,1,10,0,10,0,0000000,13,44,13,51,14,7,0,0,0,1,0
39,390906,1,1,0,1,1,1,1,113,3622,1,11,2016,3,16,25,0,2,4,1,3,SR-201,TR118 KITRIDGE RD,49,39.82555556,-84.122391670000,0,8,0,0,3,2,0,1,1,1,0,1,0,0000000,16,25,16,26,17,13,0,0,0,1,0
39,390907,1,1,0,0,0,1,1,31,0,24,8,2016,4,14,2,0,1,6,2,4,CR-22,,0,40.36480000,-82.040600000000,0,34,0,0,1,1,0,4,1,1,0,1,0,0000000,14,4,14,9,88,88,0,0,0,1,0
39,390908,2,2,0,1,1,3,3,35,1680,13,10,2016,5,23,32,0,2,4,1,2,US-42 W 25TH ST,,161,41.46689722,-81.700111110000,0,15,0,0,1,1,0,1,3,1,0,1,0,0000000,23,38,23,40,23,50,0,0,0,1,1
39,390909,1,1,0,2,2,1,1,23,7800,4,11,2016,6,0,57,0,2,7,4,6,COURT ST,SHAFFER ST,0,39.92465833,-83.824408330000,0,8,0,0,3,3,0,4,3,1,0,1,0,0000000,0,57,1,1,1,12,0,0,0,1,1
39,390910,2,1,1,1,1,1,1,35,1680,16,10,2016,1,0,1,0,2,3,4,6,ST CLAIR AVE,EARLWOOD RD,0,41.54884722,-81.585747220000,0,8,0,0,2,3,0,1,3,10,0,10,0,0000000,0,0,0,4,0,25,14,0,0,1,1
39,390911,2,2,0,0,0,2,2,151,0,27,10,2016,5,2,53,0,2,4,1,3,SR-172,GREENSIDE AVE,13,40.79948611,-81.622902780000,0,12,6,0,2,2,0,1,2,2,0,2,0,0000000,2,56,3,2,88,88,0,0,0,1,0
39,390912,1,1,0,0,0,1,1,141,0,8,11,2016,3,10,50,0,1,7,2,4,CR-223 DRY RUN RD,TR-220 TRUE HOLLOW RD,0,39.37155833,-82.890369440000,0,35,0,0,3,3,0,4,1,1,0,1,0,0000000,10,57,11,9,88,88,0,0,0,1,0
39,390913,1,1,0,0,0,1,1,173,0,9,11,2016,4,5,40,1,1,1,1,1,I-75,SR-582 OVERPASS,204,41.45800000,-83.621902780000,0,24,0,1,19,1,0,4,2,1,0,1,0,0000000,5,41,5,51,88,88,0,0,0,1,0
39,390914,2,2,0,0,0,4,4,85,0,10,11,2016,5,11,25,0,2,5,1,3,SR-84 SOUTH RIDGE RD,,255,41.75693889,-81.114444440000,0,12,8,0,1,1,0,1,1,1,0,1,0,0000000,11,35,11,48,12,25,19,0,0,1,1
39,390915,1,1,0,1,1,2,2,49,1800,16,11,2016,4,21,55,1,2,3,1,3,SR-23 HIGH ST,CR-121 RATHMEL RD,45,39.86790278,-83.005216670000,0,8,0,0,1,1,0,1,2,1,0,1,0,0000000,21,58,22,3,88,88,0,0,0,1,0
39,390916,1,1,0,0,0,1,1,55,3648,29,10,2016,7,21,33,0,1,5,1,3,SR-528,,134,41.56264722,-81.051833330000,0,53,0,0,1,1,0,4,3,1,0,1,0,0000000,21,36,21,43,88,88,0,0,0,1,0
39,390917,1,1,0,1,1,1,1,55,6349,4,11,2016,6,5,36,1,1,3,1,2,US-422,,178,41.37049167,-81.063266670000,0,8,0,0,1,1,0,1,2,10,0,10,0,0000000,5,38,5,47,88,88,0,0,0,1,0
39,390918,1,1,0,0,0,2,2,111,0,5,11,2016,7,17,41,1,1,3,1,3,SR-7,,44,39.58997222,-80.979813890000,0,52,0,0,1,1,0,4,1,1,0,1,0,0000000,17,45,18,4,19,52,0,0,0,1,0
39,390919,1,1,0,1,1,1,1,109,8830,6,11,2016,1,19,21,0,2,7,1,6,S MIAMI ST,,0,39.94741944,-84.321716670000,0,8,0,0,1,1,0,1,3,1,0,1,0,0000000,19,22,19,28,88,88,0,0,0,1,0
39,390920,1,1,0,0,0,2,2,3,0,10,11,2016,5,5,0,0,1,5,1,3,SR-115,STATE RD,18,40.81723333,-84.129561110000,0,59,0,0,1,1,0,4,2,1,0,1,0,0000000,5,28,5,33,6,1,0,0,0,1,1
39,390921,1,1,0,0,0,1,1,61,7450,2,9,2016,6,21,41,1,2,1,1,1,I-275,US-42 OFF RAMP,284,39.28981389,-84.391580560000,0,34,0,1,5,1,0,4,3,1,0,1,0,0000000,21,41,21,54,88,88,0,0,0,1,0
39,390922,1,1,0,3,3,1,1,61,3160,10,10,2016,2,11,5,0,2,4,2,4,CR-239 WINTON RD,INGRAM RD,0,39.27099167,-84.522966670000,0,8,0,0,2,2,0,1,1,1,0,1,0,0000000,11,54,11,57,12,40,0,0,0,1,0
39,390924,1,1,0,0,0,2,2,35,1680,30,10,2016,1,17,40,0,2,4,2,4,CR-75 44TH ST,HOWLETT AVE,0,41.47059722,-81.716466670000,0,42,0,0,3,3,0,4,1,10,0,10,0,0000000,17,46,17,53,18,21,24,0,0,2,1
39,390925,1,1,0,0,0,1,1,155,8530,7,11,2016,2,2,51,0,2,5,2,4,CR-67,,0,41.20058889,-80.812477780000,0,52,0,0,1,1,0,4,2,1,0,1,0,0000000,2,42,2,54,3,17,0,0,0,1,1
39,390926,1,1,0,0,0,1,1,51,0,9,11,2016,4,7,48,0,1,5,1,3,SR-120,,45,41.70945833,-84.098433330000,0,30,0,0,1,1,0,4,1,1,0,1,0,0000000,7,50,7,50,8,44,0,0,0,1,0
39,390927,2,2,0,0,0,3,3,45,0,9,11,2016,4,8,50,0,1,5,1,3,SR-159,,57,39.63250000,-82.737222220000,0,12,8,0,1,1,0,1,1,10,0,10,0,0000000,8,45,8,57,9,54,0,0,0,1,0
39,390928,1,1,0,0,0,1,1,119,0,13,11,2016,1,2,0,1,2,4,1,2,US-22,,40,39.87092778,-82.104816670000,0,34,0,0,1,1,0,4,2,1,0,1,0,0000000,2,0,2,6,88,88,0,0,0,1,1
39,390929,1,1,0,0,0,2,2,45,8060,14,11,2016,2,16,40,0,1,7,4,6,HIGH ST,,0,39.84611389,-82.545836110000,0,30,0,0,1,1,0,4,1,1,0,1,0,0000000,16,50,17,1,17,59,0,0,0,1,1
39,390930,2,1,1,1,1,1,1,151,0,19,11,2016,7,19,34,0,2,5,3,6,FRESHLEY AVE NE,,0,40.93923333,-81.152438890000,0,14,0,0,1,1,0,1,2,4,0,4,0,0000000,19,42,19,50,20,38,0,0,0,1,0
39,390931,2,2,0,0,0,4,4,35,1680,15,10,2016,7,22,5,0,2,4,1,3,SR-237 ROCKY RIVER DR,CR-735 CHATFIELD AVE,102,41.44643056,-81.817836110000,0,12,6,0,2,3,0,1,3,10,0,10,0,0000000,22,8,22,11,22,33,0,0,0,1,0
39,390932,1,1,0,0,0,1,1,131,0,12,11,2016,7,14,29,0,1,7,2,4,CR-9,,0,39.08138889,-83.258888890000,0,42,0,0,1,1,0,4,1,1,0,1,0,0000000,14,27,14,44,88,88,0,0,0,1,1
39,390933,2,2,0,0,0,4,4,57,0,12,11,2016,7,15,48,0,1,6,2,6,HUSSEY RD,PAINTERSVILLE NEW JASPER RD,0,39.59237778,-83.811863890000,0,12,6,0,2,2,0,1,1,1,0,1,0,0000000,15,50,15,58,16,8,0,0,0,1,0
39,390934,3,3,0,0,0,4,4,89,0,14,11,2016,2,12,40,0,1,5,1,2,US-62,,135,40.22368611,-82.545683330000,0,12,8,0,1,1,0,1,1,1,0,1,0,0000000,12,49,13,16,13,50,0,0,0,1,0
39,390935,2,2,0,0,0,2,2,35,572,28,10,2016,6,18,42,0,2,4,2,4,CR-11 MILES RD,EASTLAWN RD,0,41.42423611,-81.506258330000,0,12,6,0,2,3,0,1,3,1,0,1,0,0000000,18,44,18,50,19,21,0,0,0,1,0
39,390936,2,2,0,0,0,2,2,55,5272,18,11,2016,6,16,31,0,1,5,1,2,US-6,,137,41.60729167,-81.036658330000,0,12,2,0,1,1,0,1,1,1,0,1,0,0000000,16,32,16,39,17,35,0,0,0,1,0
39,390937,2,2,0,0,0,2,2,95,0,10,11,2016,5,8,2,1,2,3,1,3,SR-2 AIRPORT HWY,,44,41.59784167,-83.800402780000,0,12,1,0,8,1,0,1,1,1,0,1,0,0000000,8,4,8,6,88,88,0,0,0,1,0
39,390938,1,1,0,0,0,1,1,25,0,30,10,2016,1,2,55,0,1,7,2,4,CR-56 GOODWIN SCHLHSE PT ISAB,,0,38.86781667,-84.097483330000,0,1,0,0,1,1,0,1,2,1,0,1,0,0000000,2,55,3,1,88,88,0,0,0,1,1
39,390939,1,1,0,0,0,3,3,89,0,11,11,2016,6,19,57,0,2,5,1,2,US-40,,149,39.95810556,-82.520008330000,0,35,0,0,1,1,0,4,2,1,0,1,0,0000000,19,51,19,57,20,33,0,0,0,2,0
39,390940,1,1,0,0,0,6,6,151,1320,15,9,2016,5,21,45,0,2,3,4,6,CLEVELAND AVE SW,,0,40.79778889,-81.375911110000,0,33,0,0,1,1,0,4,3,1,0,1,0,0000000,21,45,21,59,22,10,0,0,0,1,1
39,390941,1,1,0,0,0,1,1,129,0,19,9,2016,2,5,30,0,1,6,2,4,CR-280 KINGSTON ADELPHI RD,,0,39.47714444,-82.846888890000,0,32,0,0,1,1,0,4,2,10,0,10,0,0000000,99,99,99,99,99,99,0,0,0,1,1
39,390942,2,2,0,0,0,6,6,151,0,30,10,2016,1,20,4,1,2,3,1,2,US-62,BROADWAY AVE,278,40.84478611,-81.297741670000,0,12,6,0,2,2,0,1,3,10,0,10,0,0000000,20,9,20,15,20,40,0,0,0,1,0
39,390943,1,1,0,0,0,1,1,25,0,12,11,2016,7,3,15,0,2,4,2,4,CR-133 WOODVILLE PIKE,,0,39.20537222,-84.181902780000,0,35,0,0,1,1,0,4,2,1,0,1,0,0000000,3,23,3,29,88,88,0,0,0,1,1
39,390944,1,1,0,0,0,1,1,115,0,16,11,2016,4,17,59,0,1,5,1,3,SR-329,,34,39.48487778,-82.050200000000,0,42,0,0,1,1,0,4,2,1,0,1,0,0000000,17,58,18,5,88,88,0,0,0,1,0
39,390945,1,1,0,0,0,3,3,29,0,13,11,2016,1,0,9,0,1,7,2,4,CR-450 WATERFIRD RD,,0,40.85503611,-80.590013890000,0,42,0,0,1,1,0,4,2,1,0,1,0,0000000,0,9,0,15,1,2,0,0,0,1,0
39,390946,1,1,0,0,0,1,1,145,0,14,11,2016,2,19,3,0,1,7,3,5,TR-233 FRUNACE CREEK RD,,0,38.84924444,-82.893144440000,0,42,0,0,1,1,0,4,2,1,0,1,0,0000000,19,4,19,9,19,48,0,0,0,1,0
39,390947,2,2,0,0,0,2,2,35,6360,17,11,2016,5,6,40,1,2,3,2,4,CR-87 SNOW RD,,0,41.40503611,-81.703055560000,0,12,2,0,1,1,0,1,4,1,0,1,0,0000000,6,44,6,46,7,14,0,0,0,1,0
39,390948,1,1,0,0,0,1,1,115,0,15,10,2016,7,19,31,0,1,6,1,3,SR-555,,241,39.76042500,-82.025677780000,0,1,0,0,1,1,0,1,5,1,0,1,0,0000000,19,36,19,43,20,19,0,0,0,1,0
39,390949,3,3,0,0,0,3,3,83,0,18,11,2016,6,8,40,1,1,3,1,3,SR-13,CR-29,11,40.26082778,-82.450886110000,0,12,1,0,2,3,0,1,1,1,0,1,0,0000000,8,46,8,58,9,26,0,0,0,1,0
39,390950,1,1,0,0,0,1,1,3,4220,20,11,2016,1,8,31,0,2,7,4,6,NORTH SHORE ST,,0,40.73479722,-84.110358330000,0,42,0,0,1,1,0,4,1,10,0,10,0,0000000,8,32,8,35,88,88,0,0,0,1,1
39,390951,3,1,2,3,3,1,1,77,0,17,11,2016,5,10,58,0,1,4,1,3,SR-13,,59,41.07832500,-82.486961110000,0,45,0,0,1,1,4,4,1,1,0,1,0,0000000,11,34,11,46,12,15,0,0,0,1,0
39,390952,1,1,0,0,0,1,1,165,0,19,11,2016,7,2,47,0,1,4,1,2,US-42,,141,39.46864167,-84.166313890000,0,30,0,0,1,1,0,4,2,2,0,2,0,0000000,2,45,2,54,88,88,0,0,0,1,0
39,390953,2,2,0,0,0,5,5,35,1680,7,11,2016,2,20,20,0,2,4,1,2,US-422 KINSMAN RD,73RD ST,33,41.47900278,-81.636994440000,0,5,0,0,2,3,0,1,3,1,0,1,0,0000000,20,22,20,26,88,88,0,0,0,1,1
39,390954,1,1,0,0,0,2,2,127,0,12,11,2016,7,2,45,0,1,7,3,5,TR-121,,0,39.77891389,-82.246688890000,0,53,0,0,1,1,0,4,2,1,0,1,0,0000000,3,26,3,40,88,88,0,0,0,1,0
39,390955,2,2,0,0,0,2,2,93,0,26,10,2016,4,14,34,0,1,4,1,3,SR-58 ASHLAND OBERLIN,,99,41.20525833,-82.216783330000,0,12,1,0,8,1,0,1,1,10,0,10,0,0000000,15,0,15,13,16,14,0,0,0,1,0
39,390956,2,2,0,0,0,4,4,21,0,6,8,2016,7,19,25,0,1,5,1,2,US-36,SR-559,273,40.14247500,-83.529586110000,0,12,6,0,2,2,0,1,1,1,0,1,0,0000000,19,46,19,58,20,27,0,0,0,1,1
39,390957,2,2,0,0,0,2,2,63,0,7,10,2016,6,13,46,0,1,4,1,2,US-224,,97,41.05873611,-83.702958330000,0,12,2,0,1,1,0,1,1,1,0,1,0,0000000,13,57,14,16,15,7,0,0,0,2,0
39,390958,2,2,0,0,0,3,3,15,0,8,11,2016,3,12,21,1,1,3,1,3,SR-32,CR-101,17,39.05610000,-83.983158330000,0,12,6,0,2,2,0,1,1,10,0,10,0,0000000,12,29,12,38,88,88,0,0,0,2,0
39,390959,1,1,0,1,1,1,1,153,70,26,10,2016,4,12,6,1,2,1,1,1,I-77 VIETNAM VETERANS MEM HWY,SR-261 VERNON ODOM UNDERPASS,157,41.06398889,-81.572983330000,0,8,0,1,18,1,0,1,1,10,0,10,0,0000000,12,8,12,16,99,99,0,0,0,1,0
39,390960,2,2,0,0,0,3,3,17,2535,19,11,2016,7,11,24,0,1,5,1,3,SR-128 HAMILTON CLEVES RD,,45,39.34918611,-84.600936110000,0,12,6,0,1,1,0,1,1,2,0,2,0,0000000,11,25,11,33,88,88,0,0,0,2,0
39,390961,2,2,0,0,0,3,3,99,0,20,11,2016,1,17,51,0,1,4,1,3,SR-14,,77,40.90033056,-80.721766670000,0,12,6,0,1,1,0,1,2,4,0,4,0,0000000,17,51,17,57,18,32,0,0,0,1,0
39,390962,2,2,0,0,0,3,3,153,2030,28,10,2016,6,22,23,1,2,2,1,3,SR-8,,63,41.14707222,-81.475138890000,0,12,1,1,18,1,0,1,3,10,0,10,0,0000000,23,27,23,34,23,45,0,0,0,1,1
39,390963,1,1,0,1,1,1,1,3,0,24,11,2016,5,18,38,0,1,5,1,3,SR-81,,85,40.75188056,-84.252405560000,0,8,0,0,1,1,0,1,2,1,0,1,0,0000000,18,41,19,0,88,88,0,0,0,1,0
39,390964,2,2,0,0,0,2,2,113,3895,2,11,2016,4,13,9,1,2,3,2,4,CR-74 WOODMAN DR,,0,39.69717500,-84.124158330000,0,12,2,0,1,1,0,1,1,1,0,1,0,0000000,13,10,13,14,13,29,0,0,0,1,0
39,390965,2,1,1,0,0,1,1,17,3260,26,11,2016,7,18,17,0,2,7,4,6,SANDERS DR,,0,39.42530000,-84.572400000000,0,5,0,0,1,1,0,1,3,1,0,1,0,0000000,18,18,18,23,18,33,0,0,0,1,0
39,390966,1,1,0,0,0,1,1,99,0,28,11,2016,2,14,4,1,1,1,31,1,I-80,,0,41.13403056,-80.874336110000,0,35,0,0,1,1,0,4,1,1,0,1,0,0000000,14,12,14,20,88,88,0,0,0,1,0
39,390967,2,2,0,0,0,2,2,5,7928,28,11,2016,2,5,15,0,1,4,1,3,SR-58,,74,41.01234167,-82.222322220000,0,12,7,0,1,1,0,1,2,10,0,10,0,0000000,5,16,5,26,5,54,0,0,0,1,0
39,390968,2,2,0,0,0,2,2,105,0,30,11,2016,4,13,15,1,2,3,1,3,SR-7,,82,39.06336944,-82.023077780000,0,12,2,0,1,1,0,1,1,10,0,10,0,0000000,13,19,13,26,88,88,0,0,0,1,0
39,390969,2,2,0,0,0,2,2,93,0,5,11,2016,7,15,30,0,2,4,2,4,CR-1 NORTH RIDGE RD,CR-33 COOPER FOSTER PARK RD,0,41.41819722,-82.158477780000,0,12,7,0,1,1,0,1,1,1,0,1,0,0000000,15,30,15,34,16,4,0,0,0,1,0
39,390970,1,1,0,0,0,1,1,93,4360,24,11,2016,5,22,6,0,2,3,1,6,COLORADO AVE,,0,41.46549167,-82.158938890000,0,33,0,0,1,1,0,4,3,2,0,2,0,0000000,22,39,22,42,88,88,0,0,0,1,1
39,390971,2,2,0,0,0,3,3,89,0,6,12,2016,3,7,29,0,1,5,1,2,US-62,,70,40.17284444,-82.644463890000,0,12,2,0,1,1,0,1,1,2,0,2,0,0000000,7,29,7,33,8,34,0,0,0,1,0
39,390972,1,1,0,0,0,2,2,49,1800,6,11,2016,1,4,0,1,2,3,1,3,SR-317 HAMILTON RD,,110,39.91655833,-82.880566670000,0,21,0,0,1,1,0,4,3,1,0,1,0,0000000,4,5,4,16,4,21,0,0,0,1,1
39,390973,1,1,0,0,0,1,1,49,0,10,12,2016,7,3,28,1,2,2,1,3,SR-315,,63,40.06321389,-83.032030560000,0,21,0,0,1,1,0,4,3,1,0,1,0,0000000,3,30,3,41,88,88,0,0,0,1,0
39,390974,1,1,0,0,0,1,1,89,0,18,11,2016,6,99,99,0,2,4,1,3,SR-13 JACKSONTOWN RD,,0,39.92298611,-82.409236110000,0,32,0,0,1,1,0,4,2,1,0,1,0,0000000,7,38,7,44,88,88,0,0,0,1,1
39,390975,1,1,0,1,1,1,1,153,460,25,11,2016,6,22,43,0,2,7,4,6,N VAN BUREN AVE,,0,41.01927778,-81.594758330000,0,8,0,0,1,1,0,1,3,2,0,2,0,0000000,22,43,22,46,23,11,0,0,0,1,0
39,390976,1,1,0,1,1,1,1,95,8120,19,11,2016,7,17,40,0,2,4,2,4,CR-506 LAGRANGE ST,,0,41.67976667,-83.540911110000,0,8,0,0,1,1,0,1,5,4,0,4,0,0000000,17,42,17,48,18,4,0,0,0,1,0
39,390977,1,1,0,0,0,2,2,37,0,19,11,2016,7,15,37,0,1,4,1,2,US-36,,210,40.11065000,-84.461741670000,0,38,0,0,1,1,0,4,1,10,0,10,0,0000000,15,44,16,13,16,40,0,0,0,1,0
39,390978,2,2,0,0,0,5,5,129,0,21,11,2016,2,18,42,0,1,5,1,3,SR-56,,291,39.51477222,-82.800261110000,0,12,2,0,1,1,0,1,2,1,0,1,0,0000000,20,46,21,6,21,41,0,0,0,1,0
39,390979,2,2,0,0,0,2,2,41,0,22,11,2016,3,0,59,1,1,3,1,2,US-36,CR-56 WILSON RD,182,40.26618056,-82.921927780000,0,12,1,0,3,2,0,1,2,1,0,1,0,0000000,1,1,1,7,1,37,0,0,0,1,1
39,390980,1,1,0,1,1,1,1,35,1680,17,11,2016,5,16,45,1,2,1,1,1,I-90,,102,41.46563889,-81.777697220000,0,8,0,0,1,1,0,1,1,1,0,1,0,0000000,16,52,16,55,88,88,0,0,0,1,0
39,390981,2,2,0,0,0,7,7,35,1680,27,10,2016,5,2,26,0,2,5,4,6,W 140TH ST,,0,41.45513611,-81.790266670000,0,12,1,0,1,1,0,1,3,2,0,2,0,0000000,2,29,2,33,3,0,0,0,0,1,0
39,390982,1,1,0,0,0,3,3,95,8120,25,11,2016,6,1,59,1,2,3,1,3,SR-65 SUMMIT ST,,52,41.66296111,-83.514291670000,0,30,0,0,1,1,0,4,3,10,0,10,0,0000000,2,3,2,8,2,33,0,0,0,1,1
39,390983,2,2,0,0,0,4,4,41,0,7,12,2016,4,18,38,0,2,4,1,3,SR-257,,39,40.19246389,-83.135030560000,0,12,2,0,1,1,0,1,2,10,0,10,0,0000000,18,42,18,52,19,8,0,0,0,2,0
39,390984,1,1,0,0,0,2,2,141,0,26,11,2016,7,0,25,0,1,5,2,4,CR-167 BLAIN HWY,,0,39.28628056,-83.108091670000,0,52,0,0,1,1,0,4,2,10,0,10,0,0000000,0,25,0,40,1,17,0,0,0,1,1
39,390985,3,3,0,0,0,4,4,49,1800,28,11,2016,2,2,55,1,2,3,1,3,SR-23 HIGH ST,,10,39.81718889,-82.998758330000,0,12,2,0,1,1,0,1,2,1,0,1,0,0000000,3,7,3,15,3,35,0,0,0,1,1
39,390986,1,1,0,1,1,1,1,93,0,28,11,2016,2,17,25,1,1,3,1,3,SR-18,,28,41.17030833,-82.286955560000,0,8,0,0,1,1,0,1,2,10,0,10,0,0000000,17,23,17,35,88,88,0,0,0,1,0
39,390987,1,1,0,0,0,1,1,61,1610,30,11,2016,4,1,20,0,2,4,2,4,CR-359 CORBLY RD,RAINBOW LANE,0,39.09536111,-84.374858330000,0,42,0,0,3,3,0,4,3,10,0,10,0,0000000,1,23,1,35,2,20,0,0,0,1,0
39,390988,3,3,0,0,0,3,3,159,0,30,11,2016,4,14,43,1,1,2,1,2,US-33,,215,40.15091667,-83.218861110000,0,12,2,0,1,1,0,1,1,10,0,10,0,0000000,14,43,14,49,88,88,0,0,0,1,1
39,390989,2,2,0,0,0,3,3,93,8660,1,8,2016,2,19,10,0,1,7,2,4,CR-5 JONES RD,,0,41.14813889,-82.230241670000,0,18,0,0,8,1,0,1,1,1,0,1,0,0000000,19,13,19,30,20,15,14,0,0,1,0
39,390990,2,2,0,0,0,4,4,153,2030,15,11,2016,3,14,30,0,2,5,4,6,MUNROE FALLS AVE,,0,41.14021111,-81.450950000000,0,12,2,0,1,1,0,1,1,10,0,10,0,0000000,14,31,14,46,15,5,0,0,0,1,1