STATE,ST_CASE,VE_TOTAL,VE_FORMS,PVH_INVL,PEDS,PERNOTMVIT,PERMVIT,PERSONS,COUNTY,CITY,DAY,MONTH,YEAR,DAY_WEEK,HOUR,MINUTE,NHS,RUR_URB,FUNC_SYS,RD_OWNER,ROUTE,TWAY_ID,TWAY_ID2,MILEPT,LATITUDE,LONGITUD,SP_JUR,HARM_EV,MAN_COLL,RELJCT1,RELJCT2,TYP_INT,WRK_ZONE,REL_ROAD,LGT_COND,WEATHER1,WEATHER2,WEATHER,SCH_BUS,RAIL,NOT_HOUR,NOT_MIN,ARR_HOUR,ARR_MIN,HOSP_HR,HOSP_MN,CF1,CF2,CF3,FATALS,DRUNK_DR
39,390991,2,2,0,0,0,4,4,169,0,9,12,2016,6,4,40,0,1,6,2,4,CR-94A,,0,40.78769722,-81.785377780000,0,12,6,0,1,1,0,1,2,4,0,4,0,0000000,4,45,4,57,5,26,0,0,0,1,0
39,390992,1,1,0,0,0,1,1,103,1085,11,12,2016,1,2,46,0,2,5,4,6,LAUREL RD,,0,41.22685278,-81.810852780000,0,43,0,0,1,1,0,4,3,4,0,4,0,0000000,2,49,2,54,88,88,0,0,0,1,1
39,390993,1,1,0,1,1,1,1,113,2090,15,12,2016,5,17,35,0,2,4,1,6,N MAIN ST,ASHWOOD AVE,0,39.79744167,-84.217397220000,0,8,0,0,3,3,0,1,3,10,0,10,0,0000000,17,37,17,42,18,5,0,0,0,1,0
39,390994,1,1,0,0,0,1,1,49,0,1,12,2016,5,12,25,0,2,4,2,4,CR-371 NOE BIXBY RD,TR-2393 SEDALIA DR,0,39.90786111,-82.865050000000,0,33,0,0,3,2,0,4,1,1,0,1,0,0000000,12,27,12,32,12,53,0,0,0,1,0
39,390995,1,1,0,1,1,0,0,99,4420,3,10,2016,2,19,14,0,2,7,4,6,QUEISNER AVE,,0,41.04203611,-80.538552780000,0,8,0,0,8,1,0,1,5,10,0,10,0,0000000,19,24,19,39,20,1,15,0,0,1,0
39,390996,1,1,0,0,0,1,1,167,0,26,11,2016,7,0,13,0,1,5,1,3,SR-555,,176,39.44655278,-81.812575000000,0,34,0,0,1,1,0,4,2,10,0,10,0,0000000,0,9,0,18,88,88,0,0,0,1,1
39,390997,1,1,0,0,0,1,1,141,0,1,12,2016,5,7,53,0,1,7,2,4,CR-9 UPPER TWIN RD,,0,39.28038611,-83.226883330000,0,21,0,0,1,1,0,4,1,10,0,10,0,0000000,7,57,8,12,88,88,0,0,0,1,0
39,390998,1,1,0,0,0,1,1,47,0,5,12,2016,2,11,22,0,1,5,1,3,SR-41,,280,39.70125833,-83.611133330000,0,34,0,0,1,1,0,4,1,1,0,1,0,0000000,11,23,11,32,88,88,0,0,0,1,1
39,390999,1,1,0,0,0,4,4,63,0,2,12,2016,6,14,17,1,1,1,1,1,I-75,,67,40.94046111,-83.780227780000,0,34,0,0,1,1,0,4,1,10,0,10,0,0000000,14,23,14,34,15,22,0,0,0,1,0
39,391000,3,1,2,0,0,3,3,35,4970,3,12,2016,7,1,20,0,6,96,96,9,NEWTON RD,BELMEADOW DR,0,41.38723333,-81.792852780000,0,14,0,0,3,3,0,5,2,1,0,1,0,0000000,1,21,1,27,1,51,0,0,0,1,1
39,391001,2,2,0,0,0,5,5,43,0,9,12,2016,6,8,5,1,1,1,31,1,I-80,,129,41.32444444,-82.596944440000,0,12,7,0,1,1,0,1,1,10,0,10,0,0000000,8,36,9,11,10,20,0,0,0,1,0
39,391002,1,1,0,1,1,1,1,23,0,9,12,2016,6,18,32,0,2,5,1,3,SR-41 TROY RD,TR-41 JACKSONVILLE RD,221,39.95343056,-83.864488890000,0,8,0,0,3,3,0,1,2,10,0,10,0,0000000,18,35,18,38,19,7,0,0,0,1,0
39,391003,1,1,0,0,0,1,1,39,0,10,12,2016,7,23,28,0,1,7,2,6,DEFIANCE WILLIAMS COUNTY LINE,,0,41.42498889,-84.385030560000,0,24,0,0,1,1,0,4,2,4,0,4,0,0000000,23,26,23,41,0,16,0,0,0,1,1
39,391004,2,2,0,0,0,2,2,99,0,13,12,2016,3,13,38,0,1,5,1,3,SR-534,,123,41.08343611,-80.958825000000,0,12,2,0,1,1,0,1,1,4,0,4,0,0000000,13,27,13,30,99,99,0,0,0,1,0
39,391005,3,3,0,0,0,3,3,49,1800,19,12,2016,2,2,51,0,2,5,4,6,N CASSADY AVE,,0,40.01171944,-82.929311110000,0,12,1,0,1,1,0,1,3,4,0,4,0,0000000,2,55,3,0,3,29,0,0,0,1,2
39,391006,2,2,0,0,0,2,2,151,1320,1,10,2016,7,20,6,0,2,4,4,6,THE OJAYS PARKWAY,LIPPERT RD,0,40.80270833,-81.359966670000,0,12,6,0,2,7,0,1,3,1,0,1,0,0000000,20,14,20,21,20,36,0,0,0,1,1
39,391007,2,2,0,0,0,2,2,61,1610,1,11,2016,3,19,1,0,2,5,4,4,CR-663 LINCOLN AVE,WINSLOW AVE,0,39.13281944,-84.495850000000,0,12,6,0,2,3,0,1,3,1,0,1,0,0000000,19,3,19,6,19,20,0,0,0,1,0
39,391008,1,1,0,0,0,1,1,49,1800,13,11,2016,1,0,0,0,2,4,2,4,CR-124 PARSONS AVE,,0,39.91316389,-82.985188890000,0,21,0,0,1,1,0,4,3,1,0,1,0,0000000,0,3,0,5,0,58,0,0,0,1,0
39,391009,1,1,0,2,2,1,1,35,2840,8,10,2016,7,18,23,0,2,4,4,6,E 131ST ST,REXWOOD AVE,0,41.43653611,-81.591088890000,0,8,0,0,3,2,0,1,5,1,0,1,0,0000000,18,25,18,25,18,50,0,0,0,2,0
39,391010,1,1,0,0,0,1,1,85,4920,23,11,2016,4,21,46,1,2,1,1,1,I-90 NORTH SOUTH FREEWAY,TR-1294 GARFIELD RD OVERPASS,87,41.64402222,-81.353650000000,0,24,0,0,1,1,0,3,2,1,0,1,0,0000000,9,50,9,57,10,25,0,0,0,1,0
39,391012,2,2,0,0,0,2,2,173,0,10,12,2016,7,6,35,1,1,3,1,2,US-6,CR-15 PEMBERVILLE RD,233,41.34868333,-83.455722220000,0,12,6,0,2,2,0,1,2,10,0,10,0,0000000,6,51,7,20,7,50,0,0,0,1,0
39,391014,2,1,1,1,1,1,1,49,0,17,12,2016,7,0,9,1,2,1,1,1,I-270,,2,39.89538889,-83.045369440000,0,14,0,0,1,1,0,4,3,2,0,2,0,0000000,0,34,0,44,1,13,0,0,0,1,0
39,391015,2,2,0,0,0,2,2,49,1800,18,12,2016,1,14,38,0,2,5,4,6,GODOWN RD,,0,40.06378056,-83.056950000000,0,12,2,0,1,1,0,1,1,10,0,10,0,0000000,14,46,14,53,15,15,0,0,0,1,0
39,391016,1,1,0,0,0,2,2,153,0,10,12,2016,7,0,29,0,2,4,2,4,CR-17 CLEVELAND MASSILLON RD,TR-2054 SUNNYFIELD DR,0,41.09748611,-81.644658330000,0,30,0,0,3,3,0,4,2,10,0,10,0,0000000,0,32,0,35,1,3,0,0,0,1,1
39,391017,2,2,0,0,0,2,2,7,0,10,12,2016,7,7,40,0,1,4,1,2,US-322 MAYFIELD RD,,9,41.53535000,-80.988900000000,0,12,6,0,1,1,0,1,1,10,0,10,0,0000000,7,44,7,55,8,48,0,0,0,1,0
39,391019,1,1,0,0,0,3,3,41,0,14,12,2016,4,2,32,0,2,4,1,2,US-42,,110,40.31782500,-83.039655560000,0,34,0,0,1,1,0,4,2,10,0,10,0,0000000,2,30,2,38,2,52,0,0,0,1,1
39,391020,1,1,0,1,1,1,1,27,0,15,12,2016,5,6,50,1,2,2,1,3,SR-73,,107,39.46613056,-83.805005560000,0,8,0,0,1,1,0,1,2,1,0,1,0,0000000,6,56,7,2,88,88,0,0,0,1,0
39,391021,2,2,0,0,0,3,3,109,0,11,12,2016,1,11,6,0,1,6,2,4,CR-41 NASHVILLE RD,,0,39.99041944,-84.263108330000,0,12,6,0,1,1,0,1,1,10,0,10,0,0000000,11,6,11,15,12,14,0,0,0,2,0
39,391022,1,1,0,0,0,1,1,97,0,16,12,2016,6,23,51,0,1,5,1,3,SR-38,,198,39.97740278,-83.434188890000,0,30,0,0,1,1,0,4,2,3,0,3,0,0000000,23,53,0,6,88,88,0,0,0,1,0
39,391023,2,2,0,0,0,2,2,173,0,21,12,2016,4,7,13,0,1,5,1,3,SR-199,,48,41.22663889,-83.468330560000,0,12,2,0,1,1,0,1,4,10,0,10,0,0000000,88,88,88,88,88,88,0,0,0,1,0
39,391024,1,1,0,0,0,3,3,41,0,13,12,2016,3,11,27,0,1,4,1,3,SR-37,,58,40.32038333,-83.134286110000,0,42,0,0,1,1,0,4,1,4,0,4,0,0000000,11,28,11,33,12,2,0,0,0,1,0
39,391025,1,1,0,0,0,1,1,153,70,30,9,2016,6,23,48,0,2,5,2,4,CR-667 ROMIG RD,SR-667 VERNON ODOM BLVD,0,41.05928333,-81.581436110000,0,33,0,0,3,2,0,4,3,10,0,10,0,0000000,23,47,23,54,88,88,0,0,0,1,1
39,391027,3,1,2,0,0,2,2,61,1610,26,11,2016,7,0,17,0,2,7,4,6,EARLSCOURT VIEW,,0,39.12150833,-84.424672220000,0,5,0,0,1,1,0,1,3,10,0,10,0,0000000,0,35,0,40,88,88,14,20,0,1,0
39,391028,2,1,1,2,2,1,1,9,0,15,12,2016,5,13,40,0,1,3,1,2,US-50,,195,39.32399444,-81.994922220000,0,14,0,0,1,1,0,4,1,1,0,1,0,0000000,13,42,13,54,88,88,15,0,0,1,0
39,391029,1,1,0,0,0,5,5,59,1260,17,12,2016,7,1,45,1,1,1,1,1,I-70,,63,40.00832222,-81.617594440000,0,35,0,0,1,1,0,3,2,3,0,3,0,0000000,1,51,1,54,2,55,0,0,0,2,0
39,391030,2,2,0,0,0,4,4,49,0,24,12,2016,7,15,40,1,2,1,1,1,I-270,,19,39.90318611,-83.071338890000,0,12,6,0,1,1,0,1,1,1,0,1,0,0000000,15,43,15,48,16,6,0,0,0,4,1
39,391031,3,3,0,0,0,4,4,21,0,28,9,2016,4,18,27,0,1,5,2,4,CR-223 LUDLOW ST,CR-74 KANAGY RD,0,40.21086389,-83.701475000000,0,12,6,0,2,2,0,1,1,10,0,10,0,0000000,18,29,18,39,19,32,14,0,0,1,0
39,391032,2,2,0,0,0,6,6,41,2150,15,12,2016,5,20,42,0,2,4,1,2,US-42,,100,40.31299444,-83.047525000000,0,12,6,0,4,1,0,1,2,10,0,10,0,0000000,20,45,21,14,22,4,0,0,0,1,1
39,391033,1,1,0,0,0,1,1,45,4050,17,12,2016,7,15,39,0,2,5,2,4,CR-56 SHERIDAN DR,FREDRICK ST,0,39.72189444,-82.578530560000,0,33,0,0,3,3,0,4,1,10,0,10,0,0000000,15,43,15,45,16,3,0,0,0,1,1
39,391034,1,1,0,1,1,1,1,17,3260,17,12,2016,7,18,23,0,2,5,2,4,CR-730 LAUREL AVE,ELMO AVE,0,39.36976111,-84.559597220000,0,8,0,0,2,3,0,1,3,2,0,2,0,0000000,18,24,18,32,18,47,0,0,0,1,0
39,391035,1,1,0,0,0,1,1,93,4360,17,12,2016,7,12,17,0,2,4,2,4,CR-33 COOPER FOSTER PARK RD,,0,41.41823333,-82.173288890000,0,53,0,0,1,1,0,4,1,2,0,2,0,0000000,12,19,12,25,88,88,0,0,0,1,0
39,391036,1,1,0,0,0,2,2,117,0,18,12,2016,1,18,14,0,1,7,2,4,CR-170 BENNINGTON HARMONY-CENT,,0,40.43190278,-82.786058330000,0,42,0,0,1,1,0,4,2,1,0,1,0,0000000,18,14,18,31,99,99,0,0,0,1,1
39,391037,2,2,0,0,0,4,4,21,0,7,7,2016,5,0,19,0,1,7,2,4,CR-33 CALLAND RD,,0,40.21923889,-83.864630560000,0,12,2,0,1,1,0,1,2,1,0,1,0,0000000,0,34,0,50,1,38,0,0,0,1,1
39,391038,1,1,0,1,1,1,1,49,1800,18,12,2016,1,2,45,0,2,4,2,4,CR-143 SULLIVANT AVE,,0,39.94345556,-83.078744440000,0,8,0,0,1,1,0,1,3,10,0,10,0,0000000,2,52,2,59,3,7,0,0,0,1,0
39,391039,1,1,0,0,0,1,1,151,0,30,11,2016,4,11,50,0,1,5,1,3,SR-241,,17,40.75460833,-81.631855560000,0,35,0,0,1,1,0,4,1,10,0,10,0,0000000,11,58,12,7,12,33,0,0,0,1,0
39,391040,1,1,0,0,0,2,2,93,4360,19,12,2016,2,23,49,0,2,5,2,4,CR-606 36TH ST,FULTON RD,0,41.43766389,-82.145991670000,0,33,0,0,3,3,0,4,3,1,0,1,0,0000000,23,51,23,56,88,88,0,0,0,2,1
39,391041,1,1,0,1,1,1,1,95,8120,10,12,2016,7,15,5,0,1,5,4,6,W BANCROFT ST,BRANCASTER RD,0,41.66176389,-83.679025000000,0,8,0,0,2,3,0,1,1,1,0,1,0,0000000,15,10,15,17,15,37,0,0,0,1,0
39,391042,1,1,0,0,0,1,1,157,0,19,12,2016,2,16,59,0,1,5,2,4,CR-94,,0,40.59771667,-81.620266670000,0,24,0,0,1,1,0,4,1,10,0,10,0,0000000,17,2,17,10,17,34,0,0,0,1,0
39,391043,1,1,0,1,1,1,1,61,1610,21,12,2016,4,14,49,1,2,3,2,4,CR-612 MADISON RD,VANDERCAR WAY,0,39.15758333,-84.422697220000,0,8,0,0,2,3,0,1,1,1,0,1,0,0000000,14,50,14,58,15,11,0,0,0,1,0
39,391044,1,1,0,0,0,1,1,23,0,21,12,2016,4,20,35,0,1,7,2,4,CR-354 TARBUTTON RD,,0,39.97272222,-83.633361110000,0,42,0,0,1,1,0,4,2,1,0,1,0,0000000,20,35,20,47,88,88,0,0,0,1,0
39,391045,1,1,0,0,0,1,1,113,2090,26,12,2016,2,13,57,0,2,7,4,6,ARLENE AVE,,0,39.79196667,-84.262363890000,0,42,0,0,1,1,0,4,1,10,0,10,0,0000000,13,57,14,3,88,88,0,0,0,1,0
39,391046,5,5,0,0,0,7,7,139,4680,4,10,2016,3,17,19,1,2,2,1,2,US-30,,99,40.77431667,-82.549283330000,0,12,1,1,18,1,0,1,1,10,0,10,0,0000000,17,19,17,25,17,38,0,0,0,1,0
39,391047,1,1,0,0,0,1,1,93,7480,30,10,2016,1,2,1,0,2,7,3,6,BOND AVE,,0,41.42097222,-82.113877780000,0,42,0,0,1,1,0,4,3,10,0,10,0,0000000,2,3,2,15,2,46,0,0,0,1,1
39,391048,2,2,0,0,0,4,4,55,0,17,10,2016,2,17,8,0,2,4,2,4,CR-606 WASHINGTON ST,,0,41.40764722,-81.328372220000,0,12,6,0,4,1,0,1,1,1,0,1,0,0000000,17,14,17,21,17,37,0,0,0,1,0
39,391049,1,1,0,0,0,2,2,61,0,16,11,2016,4,16,33,9,6,96,96,9,PADDYS RUN RD,,0,39.30224722,-84.701741670000,0,34,0,0,1,1,0,4,1,1,0,1,0,0000000,16,45,16,58,17,32,0,0,0,1,0
39,391050,1,1,0,1,1,1,1,107,0,20,12,2016,3,17,50,0,1,5,1,3,SR-219,,146,40.49864722,-84.540972220000,0,8,0,0,1,1,0,1,2,1,0,1,0,0000000,17,52,18,1,18,16,0,0,0,1,0
39,391051,2,2,0,0,0,2,2,63,0,3,11,2016,5,21,46,0,2,4,2,4,CR-212,,0,41.08038611,-83.611633330000,0,12,11,0,1,1,0,1,3,1,0,1,0,0000000,21,50,21,53,22,21,0,0,0,1,0
39,391052,3,3,0,0,0,5,5,129,1620,1,12,2016,5,15,39,0,2,3,1,2,US-23,,93,39.61054444,-82.949186110000,1,12,6,0,1,1,0,1,1,10,0,10,0,0000000,15,50,16,0,16,53,0,0,0,1,0
39,391053,1,1,0,1,1,2,2,95,8120,20,12,2016,3,20,30,0,1,7,1,6,AIRPORT HWY,,0,41.62281389,-83.633011110000,0,8,0,0,1,1,0,1,3,1,0,1,0,0000000,20,32,20,35,88,88,0,0,0,1,0
39,391054,2,2,0,0,0,3,3,83,0,22,12,2016,5,19,24,0,1,6,2,4,CR-19 JOHNSTOWN RD,,0,40.34665278,-82.554686110000,0,12,2,0,1,1,0,1,2,1,0,1,0,0000000,19,23,19,33,20,37,0,0,0,1,0
39,391055,1,1,0,1,1,2,2,157,0,21,12,2016,4,19,6,1,1,1,1,1,I-71,,161,40.43666667,-81.522777780000,0,8,0,0,1,1,0,1,2,10,0,10,0,0000000,19,6,19,26,88,88,0,0,0,1,0
39,391056,1,1,0,1,1,1,1,41,735,22,12,2016,5,21,33,1,2,1,1,1,I-71,,68,40.22518889,-82.929466670000,0,8,0,0,1,1,0,4,2,1,0,1,0,0000000,21,48,21,58,88,88,0,0,0,1,0
39,391057,1,1,0,1,1,1,1,49,1800,22,12,2016,5,16,15,1,2,3,2,4,CR-600 HIGH ST,PATTERSON AVE,0,40.01020833,-83.010197220000,0,8,0,0,3,2,0,1,1,10,0,10,0,0000000,16,17,16,21,17,12,0,0,0,1,0
39,391058,1,1,0,0,0,1,1,105,0,23,12,2016,6,19,7,0,1,5,1,3,SR-325,,0,39.03746389,-82.218519440000,0,42,0,0,1,1,0,4,2,2,0,2,0,0000000,18,58,19,15,19,45,0,0,0,1,0
39,391060,3,3,0,0,0,3,3,99,9230,21,10,2016,6,11,12,0,2,5,4,6,CENTER ST,,0,41.07925000,-80.622230560000,0,12,9,0,1,1,0,1,1,2,0,2,0,0000000,12,2,12,7,12,30,0,0,0,1,0
39,391061,2,2,0,0,0,3,3,61,0,11,12,2016,1,2,1,1,1,1,1,1,I-275,,41,39.19156667,-84.771430560000,0,12,6,0,1,1,0,1,2,10,0,10,0,0000000,2,9,2,20,2,53,0,0,0,1,1
39,391062,1,1,0,0,0,1,1,17,0,23,12,2016,6,19,22,0,1,5,1,3,SR-177,,63,39.47980556,-84.643250000000,0,34,0,0,1,1,0,4,2,2,0,2,0,0000000,88,88,88,88,88,88,0,0,0,1,1
39,391063,1,1,0,0,0,1,1,1,0,29,12,2016,5,14,52,0,1,4,1,3,SR-41,,179,38.85155833,-83.480483330000,0,59,0,0,1,1,0,4,1,10,0,10,0,0000000,14,56,15,3,16,30,0,0,0,1,0
39,391064,1,1,0,1,1,1,1,35,1680,22,12,2016,5,19,10,1,2,3,1,2,US-6 SUPERIOR AVE,CR-1596 EAST BLVD,196,41.52064444,-81.618155560000,0,8,0,0,2,7,0,1,3,10,0,10,0,0000000,19,13,19,21,88,88,0,0,0,1,0
39,391065,1,1,0,0,0,1,1,49,2270,21,12,2016,4,2,30,0,2,4,4,6,MUIRFIELD DR,,0,40.13711389,-83.147350000000,0,1,0,0,1,1,0,4,3,1,0,1,0,0000000,2,36,2,42,88,88,0,0,0,1,1
39,391066,1,1,0,0,0,1,1,63,0,23,12,2016,6,0,24,0,1,6,2,4,CR-86,,0,41.02981389,-83.749633330000,0,34,0,0,1,1,0,4,2,1,0,1,0,0000000,0,29,0,44,88,88,0,0,0,1,0
39,391067,1,1,0,0,0,2,2,103,0,28,12,2016,4,3,30,0,1,7,3,5,TR-148 BELL RD,,0,40.99225556,-81.844800000000,0,35,0,0,1,1,0,4,2,1,0,1,0,0000000,3,33,3,59,88,88,0,0,0,1,1
39,391068,1,1,0,1,1,1,1,61,1610,11,10,2016,3,20,7,0,2,5,1,6,CENTRAL AVE,,0,39.10485556,-84.520222220000,0,8,0,0,1,1,0,1,3,1,0,1,0,0000000,20,7,20,10,20,30,0,0,0,1,0
39,391070,2,2,0,0,0,4,4,151,6348,25,12,2016,1,19,39,0,1,4,1,3,SR-183,,87,40.78061667,-81.095552780000,0,12,6,0,1,1,0,1,2,10,0,10,0,0000000,19,45,19,51,20,42,0,0,0,1,0
39,391071,2,2,0,0,0,3,3,93,2480,6,10,2016,5,4,52,0,1,4,1,3,SR-57 LORAIN BLVD,BEECHWOOD DR,207,41.41010278,-82.118027780000,0,12,1,0,3,3,0,1,3,1,0,1,0,0000000,8,53,8,59,9,31,0,0,0,1,0
39,391072,1,1,0,0,0,2,2,165,2710,12,10,2016,4,1,15,0,2,3,1,3,SR-73 VERITY PKWY,,16,39.54933333,-84.329319440000,0,1,0,0,1,1,0,3,2,1,0,1,0,0000000,5,16,5,25,5,47,0,0,0,1,0
39,391073,3,3,0,0,0,5,5,57,558,12,10,2016,4,6,54,0,1,4,2,4,CR-142 DAYTON XENIA RD,,0,39.72524444,-84.049586110000,0,12,1,0,1,1,0,1,4,1,0,1,0,0000000,6,55,7,1,7,23,14,0,0,1,0
39,391074,1,1,0,0,0,1,1,95,8120,25,12,2016,1,14,0,0,2,3,1,3,SR-246 DORR ST,,14,41.65270000,-83.636200000000,0,33,0,0,1,1,0,4,1,10,0,10,0,0000000,14,0,14,5,88,88,0,0,0,1,0
39,391075,3,3,0,0,0,4,4,171,6540,28,12,2016,4,10,46,0,1,7,4,6,PIONEER AVE,SR-15,0,41.67469167,-84.554083330000,0,12,1,0,2,3,0,1,1,1,0,1,0,0000000,10,53,11,16,12,4,0,0,0,1,0
39,391076,2,2,0,0,0,2,2,107,1430,28,12,2016,4,12,45,0,1,5,1,3,SR-703 GRAND LAKE RD,SR-29 MARKET ST,50,40.54853611,-84.551450000000,0,12,1,0,2,2,0,1,1,1,0,1,0,0000000,13,10,13,15,13,42,0,0,0,1,0
39,391077,1,1,0,1,1,1,1,61,7570,22,9,2016,5,21,35,0,2,5,2,4,CR-332 SECTION RD,TR-17 OHIO AVE,0,39.19396389,-84.404722220000,0,15,0,0,2,2,0,1,3,1,0,1,0,0000000,21,35,21,38,21,48,0,0,0,1,1
39,391078,1,1,0,1,1,1,1,151,0,10,12,2016,7,22,40,1,2,3,1,2,US-62,TR-1728 ROWLAND AVE,244,40.83080278,-81.359111110000,0,8,0,0,99,99,0,1,2,1,0,1,0,0000000,22,45,22,45,22,57,0,0,0,1,0
39,391079,1,1,0,0,0,1,1,61,0,18,10,2016,3,16,4,1,2,1,1,1,I-275,,12,39.16185556,-84.811450000000,0,21,0,1,19,1,0,4,1,10,0,10,0,0000000,16,38,16,59,17,8,0,0,0,1,0
39,391080,3,3,0,2,2,10,10,61,2652,26,12,2016,2,21,5,0,2,4,4,6,WINTON RD,,0,39.28841389,-84.523177780000,0,8,0,0,1,1,0,1,2,2,0,2,0,0000000,21,5,21,7,21,28,0,0,0,1,0
39,391081,1,1,0,0,0,2,2,119,9260,24,12,2016,7,3,2,0,2,5,2,4,CR-723 NORTHPOINTE DR,,0,40.01396111,-82.022472220000,0,30,0,0,1,1,0,4,3,2,0,2,0,0000000,3,4,3,11,3,31,0,0,0,1,1
39,391082,2,2,0,0,0,2,2,95,8120,27,12,2016,3,4,15,0,2,5,4,6,BENNETT RD,,0,41.71257778,-83.556438890000,0,12,2,0,1,1,0,1,3,1,0,1,0,0000000,4,16,4,21,99,99,0,0,0,1,0
39,391083,1,1,0,0,0,1,1,69,0,25,12,2016,1,4,52,0,1,5,1,3,SR-18,,0,41.22520833,-83.996866670000,0,35,0,0,1,1,0,4,2,98,0,98,0,0000000,4,54,5,4,88,88,0,0,0,1,0
39,391084,6,1,5,0,5,1,6,57,558,5,11,2016,7,15,5,0,2,4,4,6,N FAIRFIELD RD,,0,39.73511667,-84.057688890000,0,42,0,0,1,1,0,4,1,1,0,1,0,0000000,15,7,15,15,15,33,14,0,0,1,1
39,391085,2,2,0,0,0,2,2,89,2519,8,11,2016,3,10,30,0,2,7,1,6,NATIONAL RD,,0,39.95679167,-82.726666670000,0,12,6,0,8,1,0,1,1,10,0,10,0,0000000,10,31,10,35,11,11,0,0,0,1,0
39,391086,1,1,0,0,0,2,2,35,4685,19,11,2016,7,3,9,0,2,4,1,3,SR-17 LIBBY RD,,199,41.41702222,-81.536158330000,0,33,0,0,1,1,0,4,3,1,0,1,0,0000000,3,11,3,16,88,88,0,0,0,1,1
39,391087,1,1,0,0,0,1,1,155,4365,13,7,2016,4,15,18,0,2,5,1,6,TOD AVE,,0,41.20133889,-80.847525000000,0,43,0,0,1,1,0,4,1,1,0,1,0,0000000,15,36,15,53,16,20,0,0,0,1,0
39,391088,2,2,0,0,0,2,2,61,0,29,10,2016,7,3,0,1,2,1,1,1,I-74,,71,39.20973611,-84.717833330000,0,12,1,0,1,1,0,1,2,1,0,1,0,0000000,3,11,3,22,88,88,0,0,0,1,1
39,391089,1,1,0,0,0,1,1,17,0,16,12,2016,6,20,8,0,2,3,1,3,SR-747 PRINCETON GLENDALE RD,,0,39.37714722,-84.454797220000,0,38,0,0,1,1,0,4,3,1,0,1,0,0000000,20,9,20,22,20,55,0,0,0,1,0
39,391090,2,1,1,0,0,1,1,13,4780,22,10,2016,7,11,2,1,2,3,4,3,SR-7,,243,40.12823056,-80.711061110000,0,14,0,0,1,1,0,4,1,10,0,10,0,0000000,11,8,11,15,11,55,0,0,0,1,0
39,391091,1,1,0,1,1,1,1,35,1680,7,12,2016,4,7,5,0,2,3,4,6,ROCKWELL AVE,EAST ROADWAY AVE,0,41.50069167,-81.693594440000,0,8,0,0,2,3,0,1,1,10,0,10,0,0000000,7,8,7,16,7,37,0,0,0,1,0
39,391092,2,2,0,0,0,2,2,153,70,11,12,2016,1,13,27,1,2,1,1,1,I-76W,,131,41.06255833,-81.479811110000,0,12,6,0,1,1,0,1,1,4,0,4,0,0000000,13,30,13,40,14,10,0,0,0,1,0
39,391093,1,1,0,1,1,1,1,153,70,8,11,2016,3,20,28,1,2,3,2,4,CR-50A MAIN ST,CR-700 MILLER AVE,0,41.05648333,-81.529008330000,0,9,0,0,2,7,0,1,3,2,0,2,0,0000000,20,29,20,32,20,48,0,0,0,1,0
39,391094,2,2,0,0,0,4,4,153,70,23,12,2016,6,19,38,0,2,4,4,6,N PORTAGE PATH,SUNNYSIDE AVE,0,41.11215556,-81.548577780000,0,12,6,0,2,3,0,1,3,1,0,1,0,0000000,19,40,19,46,19,58,0,0,0,1,1
39,391095,3,3,0,0,0,5,5,153,2030,22,11,2016,3,12,6,0,2,4,4,6,BROAD BLVD,21ST ST,0,41.13456111,-81.507350000000,0,12,6,0,2,2,0,1,1,1,0,1,0,0000000,12,7,12,12,12,33,0,0,0,1,0
39,391096,2,2,0,0,0,4,4,113,6990,21,3,2016,2,12,21,1,2,2,1,2,US-35,,206,39.74281389,-84.110372220000,0,12,1,0,1,1,0,1,1,1,0,1,0,0000000,12,23,12,28,12,46,0,0,0,1,0
39,391097,2,2,0,0,0,2,2,35,6360,28,11,2016,2,17,42,1,2,3,1,3,SR-3,RIDGEFIELD RD,92,41.40680833,-81.734511110000,0,12,1,0,3,3,0,1,3,10,0,10,0,0000000,17,45,17,49,88,88,0,0,0,1,0
39,391098,1,1,0,1,1,1,1,89,2519,28,12,2016,4,17,46,0,2,7,3,5,TR-38 COLUMBIA RD,,0,39.96651667,-82.694455560000,0,8,0,0,1,1,0,1,2,1,0,1,0,0000000,17,47,17,52,18,19,0,0,0,1,1
39,391099,1,1,0,0,0,1,1,151,0,24,9,2016,7,2,10,0,2,7,3,5,TR-1642 31ST ST,,0,40.83186389,-81.361969440000,0,41,0,0,1,1,0,4,2,1,0,1,0,0000000,2,10,2,15,2,31,0,0,0,1,1
39,391100,1,1,0,1,1,1,1,153,70,2,12,2016,6,19,22,0,2,5,2,4,CR-628 DIAGONAL RD,,0,41.07109722,-81.558725000000,0,8,0,0,1,1,0,1,3,10,0,10,0,0000000,19,23,19,27,88,88,0,0,0,1,0